id,RT1_K,RT1_J,T1_Ja,RT1_I,T2_K,T2_J,T2_I,T2_Ja,U2_I,T1_I,T1_J,T1_K,technique,speedup,RT2_J,VEC2,VEC1,SCR,T1_Ia,T1_Ka,OMP1,U1_K,U1_J,U1_I,T2_Ka,RT2_I,T2_Ia,U2_J,U2_K,cost_mean,RT2_K,OMP2,points
1,1,1,1,1,32,128,16,512,18,1,1,512,RS,1.0007867637792776,1,True,False,True,1,512,True,4,1,1,128,32,1024,1,2,0.06971778571428575,1,True,300
2,1,1,256,1,1,128,128,256,10,16,32,256,RS,1.0197949546080087,1,False,True,True,2048,256,False,1,2,10,512,1,2048,1,9,0.06841829999999999,8,False,300
3,1,1,2048,1,32,1,512,1,29,16,512,1,RS,0.9001578898246466,1,True,False,True,256,1,False,2,1,4,128,1,1024,1,27,0.07751155428571428,32,False,300
4,1,1,1,8,256,64,64,1024,29,32,1,128,RS,0.9582329125644092,1,True,False,False,1,1,True,1,12,13,256,8,1,12,1,0.07281386000000001,1,False,300
5,1,1,256,32,16,128,16,1,1,16,1,256,RS,1.0662972125805696,1,False,True,False,2048,2048,False,1,1,23,512,1,1,25,25,0.06543451142857142,8,True,300
6,1,32,1,1,256,16,32,256,7,32,16,1,RS,1.0449284940261037,1,False,True,True,1,1,True,1,1,19,1,1,512,1,5,0.06677264285714285,32,True,300
