id,speedup,T2_K,T2_J,T2_I,RT_K,T1_I,T1_J,T1_K,technique,VEC2,VEC1,SCR,ACOPY_x,ACOPY_y,U1_I,RT_J,RT_I,cost_mean,U_J,U_I,U_K,points
1,1.8584377577285558,2048,256,128,1,16,128,1,RS,True,True,True,True,False,29,8,8,0.08698185666666668,1,22,26,180
2,1.8814430889877307,1024,256,2048,8,1,256,32,RS,True,True,True,False,False,30,1,1,0.08591828666666666,11,9,1,180
3,1.8495614838685959,256,128,1,8,64,1,1,RS,True,True,True,True,False,7,1,8,0.08739929333333331,1,25,27,180
4,1.8273960086099006,2048,128,1,8,512,32,1,RS,True,True,True,True,False,13,1,8,0.08845940666666668,1,11,10,180
5,1.8309191268678162,1024,256,512,1,128,64,512,RS,True,True,True,True,False,9,8,8,0.08828918999999995,12,19,1,180
6,1.858985809869672,1,1,512,1,256,128,1,RS,True,True,True,False,True,26,1,8,0.08695621333333335,24,28,1,180
7,1.8592444533816463,2048,2048,2048,1,512,128,512,RS,True,True,True,False,False,2,8,8,0.08694411666666661,30,1,9,180
8,1.8157262390510969,1024,128,1,8,512,16,128,RS,True,True,True,True,False,18,1,8,0.08902793999999996,23,18,1,180
